{
  "best_acc_sub": 0.3751987281399046,
  "best_acc_sup": 0.9395866454689984,
  "best_loss": 2.3442037613479054,
  "epochs_trained": 26
}
