{
  "best_acc_sub": 0.4642289348171701,
  "best_acc_sup": 0.9475357710651828,
  "best_loss": 1.994355933275814,
  "epochs_trained": 40
}
