{
  "best_acc_sub": 0.43879173290937995,
  "best_acc_sup": 0.9523052464228935,
  "best_loss": 2.074055297196575,
  "epochs_trained": 36
}
