{
  "best_acc_sub": 0.43402225755166934,
  "best_acc_sup": 0.9491255961844197,
  "best_loss": 2.19102332777742,
  "epochs_trained": 31
}
