{
  "best_acc_sub": 0.5135135135135135,
  "best_acc_sup": 0.9475357710651828,
  "best_loss": 1.83054162417383,
  "epochs_trained": 51
}
