{
  "best_acc_sub": 0.5119236883942766,
  "best_acc_sup": 0.9411764705882353,
  "best_loss": 1.9088982195846607,
  "epochs_trained": 48
}
